timestamp_utc,team_id,run_id,node_id,role,seq_num,location_tag,distance_m_est,config_id,freq_hz,sf,bw_hz,cr,tx_power_dbm,payload_len,tx_interval_ms,toa_us,rssi_dbm,snr_db,rx_ok,node_height_m,env_notes,received,lost,pdr
2026-09-30T15:57:43.675Z,team1,1,2,mobile,22,,,1,868299968,7,250000,5,5,20,3000,28288,-102.0,0.00,1,,,1,0,100.00
2026-09-30T15:57:54.788Z,team1,1,2,mobile,2,,,1,868299968,7,250000,5,5,20,3000,28288,-100.0,-4.50,1,,,1,2,33.33
2026-09-30T15:58:19.003Z,team1,1,2,mobile,10,,,1,868299968,7,250000,5,5,20,3000,28288,-101.0,-5.25,1,,,2,9,18.18
2026-09-30T16:00:18.121Z,team1,1,2,mobile,8,,,1,868299968,7,250000,5,5,20,3000,28288,-103.0,-8.50,1,,,1,8,11.11
2026-09-30T16:00:30.269Z,team1,1,2,mobile,12,,,1,868299968,7,250000,5,5,20,3000,28288,-99.0,-5.50,1,,,2,11,15.38
2026-09-30T16:00:33.300Z,team1,1,2,mobile,13,,,1,868299968,7,250000,5,5,20,3000,28288,-96.0,-3.75,1,,,3,11,21.43
2026-09-30T16:00:39.367Z,team1,1,2,mobile,15,,,1,868299968,7,250000,5,5,20,3000,28288,-101.0,-4.75,1,,,4,12,25.00
2026-09-30T16:01:09.667Z,team1,1,2,mobile,0,,,1,868299968,7,250000,5,5,20,3000,28288,-95.0,-1.50,1,,,1,0,100.00
2026-09-30T16:01:21.774Z,team1,1,2,mobile,4,,,1,868299968,7,250000,5,5,20,3000,28288,-99.0,-6.00,1,,,1,4,20.00
2026-09-30T16:01:27.843Z,team1,1,2,mobile,6,,,1,868299968,7,250000,5,5,20,3000,28288,-90.0,1.25,1,,,2,5,28.57
2026-09-30T16:01:31.891Z,team1,1,2,mobile,0,,,1,868299968,7,250000,5,5,20,3000,28288,-94.0,-0.25,1,,,1,0,100.00
2026-09-30T16:01:34.925Z,team1,1,2,mobile,1,,,1,868299968,7,250000,5,5,20,3000,28288,-99.0,-6.25,1,,,2,0,100.00
2026-09-30T16:01:37.955Z,team1,1,2,mobile,2,,,1,868299968,7,250000,5,5,20,3000,28288,-94.0,-0.75,1,,,3,0,100.00
2026-09-30T16:01:40.989Z,team1,1,2,mobile,3,,,1,868299968,7,250000,5,5,20,3000,28288,-101.0,-7.75,1,,,4,0,100.00
2026-09-30T16:01:44.018Z,team1,1,2,mobile,4,,,1,868299968,7,250000,5,5,20,3000,28288,-88.0,4.00,1,,,5,0,100.00
2026-09-30T16:01:47.049Z,team1,1,2,mobile,5,,,1,868299968,7,250000,5,5,20,3000,28288,-90.0,3.25,1,,,6,0,100.00
2026-09-30T16:01:50.073Z,team1,1,2,mobile,6,,,1,868299968,7,250000,5,5,20,3000,28288,-102.0,-8.75,1,,,7,0,100.00
2026-09-30T16:01:53.106Z,team1,1,2,mobile,7,,,1,868299968,7,250000,5,5,20,3000,28288,-97.0,-3.25,1,,,8,0,100.00
2026-09-30T16:01:56.126Z,team1,1,2,mobile,8,,,1,868299968,7,250000,5,5,20,3000,28288,-92.0,0.00,1,,,9,0,100.00
2026-09-30T16:01:59.148Z,team1,1,2,mobile,9,,,1,868299968,7,250000,5,5,20,3000,28288,-92.0,1.00,1,,,10,0,100.00
2026-09-30T16:02:02.177Z,team1,1,2,mobile,10,,,1,868299968,7,250000,5,5,20,3000,28288,-92.0,1.00,1,,,11,0,100.00
2026-09-30T16:02:05.203Z,team1,1,2,mobile,11,,,1,868299968,7,250000,5,5,20,3000,28288,-92.0,1.50,1,,,12,0,100.00
2026-09-30T16:02:08.232Z,team1,1,2,mobile,12,,,1,868299968,7,250000,5,5,20,3000,28288,-94.0,-0.50,1,,,13,0,100.00
2026-09-30T16:02:11.257Z,team1,1,2,mobile,13,,,1,868299968,7,250000,5,5,20,3000,28288,-92.0,0.25,1,,,14,0,100.00
2026-09-30T16:02:14.278Z,team1,1,2,mobile,14,,,1,868299968,7,250000,5,5,20,3000,28288,-92.0,2.00,1,,,15,0,100.00
2026-09-30T16:02:17.311Z,team1,1,2,mobile,15,,,1,868299968,7,250000,5,5,20,3000,28288,-94.0,0.25,1,,,16,0,100.00
2026-09-30T16:02:20.345Z,team1,1,2,mobile,16,,,1,868299968,7,250000,5,5,20,3000,28288,-93.0,0.25,1,,,17,0,100.00
2026-09-30T16:02:23.373Z,team1,1,2,mobile,17,,,1,868299968,7,250000,5,5,20,3000,28288,-94.0,-1.00,1,,,18,0,100.00
2026-09-30T16:02:26.404Z,team1,1,2,mobile,18,,,1,868299968,7,250000,5,5,20,3000,28288,-95.0,-1.00,1,,,19,0,100.00
2026-09-30T16:02:29.433Z,team1,1,2,mobile,19,,,1,868299968,7,250000,5,5,20,3000,28288,-94.0,-0.25,1,,,20,0,100.00
2026-09-30T16:02:32.468Z,team1,1,2,mobile,20,,,1,868299968,7,250000,5,5,20,3000,28288,-93.0,0.75,1,,,21,0,100.00
2026-09-30T16:02:35.497Z,team1,1,2,mobile,21,,,1,868299968,7,250000,5,5,20,3000,28288,-93.0,0.00,1,,,22,0,100.00
2026-09-30T16:02:38.528Z,team1,1,2,mobile,22,,,1,868299968,7,250000,5,5,20,3000,28288,-93.0,0.50,1,,,23,0,100.00
2026-09-30T16:02:41.551Z,team1,1,2,mobile,23,,,1,868299968,7,250000,5,5,20,3000,28288,-99.0,-6.00,1,,,24,0,100.00
2026-09-30T16:02:44.571Z,team1,1,2,mobile,24,,,1,868299968,7,250000,5,5,20,3000,28288,-94.0,0.00,1,,,25,0,100.00
2026-09-30T16:02:47.599Z,team1,1,2,mobile,25,,,1,868299968,7,250000,5,5,20,3000,28288,-94.0,-1.50,1,,,26,0,100.00
2026-09-30T16:02:50.633Z,team1,1,2,mobile,26,,,1,868299968,7,250000,5,5,20,3000,28288,-92.0,1.25,1,,,27,0,100.00
2026-09-30T16:02:53.663Z,team1,1,2,mobile,27,,,1,868299968,7,250000,5,5,20,3000,28288,-94.0,-1.50,1,,,28,0,100.00
2026-09-30T16:02:56.692Z,team1,1,2,mobile,28,,,1,868299968,7,250000,5,5,20,3000,28288,-93.0,-0.25,1,,,29,0,100.00
2026-09-30T16:02:59.722Z,team1,1,2,mobile,29,,,1,868299968,7,250000,5,5,20,3000,28288,-98.0,-4.00,1,,,30,0,100.00
2026-09-30T16:03:02.743Z,team1,1,2,mobile,30,,,1,868299968,7,250000,5,5,20,3000,28288,-96.0,-2.00,1,,,31,0,100.00
2026-09-30T16:03:05.764Z,team1,1,2,mobile,31,,,1,868299968,7,250000,5,5,20,3000,28288,-93.0,0.50,1,,,32,0,100.00
2026-09-30T16:03:08.796Z,team1,1,2,mobile,32,,,1,868299968,7,250000,5,5,20,3000,28288,-93.0,0.00,1,,,33,0,100.00
2026-09-30T16:03:11.820Z,team1,1,2,mobile,33,,,1,868299968,7,250000,5,5,20,3000,28288,-93.0,-1.00,1,,,34,0,100.00
2026-09-30T16:03:14.852Z,team1,1,2,mobile,34,,,1,868299968,7,250000,5,5,20,3000,28288,-92.0,-1.50,1,,,35,0,100.00
2026-09-30T16:03:17.872Z,team1,1,2,mobile,35,,,1,868299968,7,250000,5,5,20,3000,28288,-94.0,-6.75,1,,,36,0,100.00
2026-09-30T16:03:20.901Z,team1,1,2,mobile,36,,,1,868299968,7,250000,5,5,20,3000,28288,-91.0,-0.75,1,,,37,0,100.00
2026-09-30T16:03:23.936Z,team1,1,2,mobile,37,,,1,868299968,7,250000,5,5,20,3000,28288,-91.0,-1.00,1,,,38,0,100.00
2026-09-30T16:03:26.967Z,team1,1,2,mobile,38,,,1,868299968,7,250000,5,5,20,3000,28288,-93.0,-2.75,1,,,39,0,100.00
2026-09-30T16:03:30.000Z,team1,1,2,mobile,39,,,1,868299968,7,250000,5,5,20,3000,28288,-93.0,0.50,1,,,40,0,100.00
2026-09-30T16:03:33.016Z,team1,1,2,mobile,40,,,1,868299968,7,250000,5,5,20,3000,28288,-92.0,-2.75,1,,,41,0,100.00
2026-09-30T16:03:36.050Z,team1,1,2,mobile,41,,,1,868299968,7,250000,5,5,20,3000,28288,-91.0,2.25,1,,,42,0,100.00
2026-09-30T16:03:39.085Z,team1,1,2,mobile,42,,,1,868299968,7,250000,5,5,20,3000,28288,-94.0,-3.00,1,,,43,0,100.00
2026-09-30T16:03:42.111Z,team1,1,2,mobile,43,,,1,868299968,7,250000,5,5,20,3000,28288,-94.0,-2.25,1,,,44,0,100.00
2026-09-30T16:03:45.144Z,team1,1,2,mobile,44,,,1,868299968,7,250000,5,5,20,3000,28288,-93.0,-5.25,1,,,45,0,100.00
2026-09-30T16:03:48.179Z,team1,1,2,mobile,45,,,1,868299968,7,250000,5,5,20,3000,28288,-91.0,-2.50,1,,,46,0,100.00
2026-09-30T16:03:51.204Z,team1,1,2,mobile,46,,,1,868299968,7,250000,5,5,20,3000,28288,-92.0,-1.25,1,,,47,0,100.00
2026-09-30T16:03:54.236Z,team1,1,2,mobile,47,,,1,868299968,7,250000,5,5,20,3000,28288,-92.0,-0.75,1,,,48,0,100.00
2026-09-30T16:03:57.265Z,team1,1,2,mobile,48,,,1,868299968,7,250000,5,5,20,3000,28288,-92.0,-0.50,1,,,49,0,100.00
2026-09-30T16:04:00.296Z,team1,1,2,mobile,49,,,1,868299968,7,250000,5,5,20,3000,28288,-93.0,-1.50,1,,,50,0,100.00
2026-09-30T16:04:03.329Z,team1,1,2,mobile,50,,,1,868299968,7,250000,5,5,20,3000,28288,-95.0,-3.25,1,,,51,0,100.00
2026-09-30T16:04:06.360Z,team1,1,2,mobile,51,,,1,868299968,7,250000,5,5,20,3000,28288,-92.0,-1.50,1,,,52,0,100.00
